{
  "name": "Serlzo Dashboard",
  "slug": "serlzo",
  "version": "1.0",
  "author": "Daniel Ezeali",
  "download_url": "https://serlzo.spellahub.com/downloads/serlzo-1.0.zip",
  "download_checksum": "sha256:8f50dbab4e9503bbd2ad4016caf727981b177d99c931a82dff511ad464a1e619",
  "requires": "6.0",
  "tested": "6.5",
  "sections": {
    "description": "<h4>Serlzo Dashboard</h4><p>Displays the Serlzo HTML/CSS dashboard inside WP admin.</p>",
    "changelog": "<h4>1.1</h4><ul><li>Fixed security bug</li><li>Improved dashboard UI</li></ul>"
  },
  "branches": {
    "stable": {
      "version": "1.0",
      "download_url": "https://serlzo.spellahub.com/downloads/serlzo-1.0.zip",
      "download_checksum": "sha256:8f50dbab4e9503bbd2ad4016caf727981b177d99c931a82dff511ad464a1e619"
    }
  }
}
